Insert into CUD_PREKLAD_JAZYK (PREKLAD_JAZYK_ID,KOD,NAZOV_SK,NAZOV_EN,ID_TRANSAKCIA_ZAPISANE) values ('1','ANG','Anglický jazyk','English','1');
Insert into CUD_PREKLAD_JAZYK (PREKLAD_JAZYK_ID,KOD,NAZOV_SK,NAZOV_EN,ID_TRANSAKCIA_ZAPISANE) values ('2','DEU','Nemecký jazyk','German','1');
Insert into CUD_PREKLAD_JAZYK (PREKLAD_JAZYK_ID,KOD,NAZOV_SK,NAZOV_EN,ID_TRANSAKCIA_ZAPISANE) values ('3','CES','Český jazyk','Czech','1');
Insert into CUD_PREKLAD_JAZYK (PREKLAD_JAZYK_ID,KOD,NAZOV_SK,NAZOV_EN,ID_TRANSAKCIA_ZAPISANE) values ('4','POL','Poľsky jazyk','Polish','1');
Insert into CUD_PREKLAD_JAZYK (PREKLAD_JAZYK_ID,KOD,NAZOV_SK,NAZOV_EN,ID_TRANSAKCIA_ZAPISANE) values ('5','UKR','Ukrajinský jazyk','Ukrainian','1');
Insert into CUD_PREKLAD_JAZYK (PREKLAD_JAZYK_ID,KOD,NAZOV_SK,NAZOV_EN,ID_TRANSAKCIA_ZAPISANE) values ('6','HUN','Maďarský jazyk','Hungarian','1');
commit;

Insert into CUD_PREKLAD_TABULKA (PREKLAD_TABULKA_ID,NAZOV_DB,ID_TRANSAKCIA_ZAPISANE) values ('1','CUD_CISELNIK','1');
Insert into CUD_PREKLAD_TABULKA (PREKLAD_TABULKA_ID,NAZOV_DB,ID_TRANSAKCIA_ZAPISANE) values ('2','CUD_CISELNIK_STLPEC','1');
commit;

-- Insert into CUD_PREKLAD_STLPEC (PREKLAD_STLPEC_ID,ID_PREKLAD_TABULKA,NAZOV_DB,NADPIS,ID_TRANSAKCIA_ZAPISANE) values ('1','1','CISELNIK_ID','ID','1');
-- Insert into CUD_PREKLAD_STLPEC (PREKLAD_STLPEC_ID,ID_PREKLAD_TABULKA,NAZOV_DB,NADPIS,ID_TRANSAKCIA_ZAPISANE) values ('2','1','TABULKA','Číselník','1');
Insert into CUD_PREKLAD_STLPEC (PREKLAD_STLPEC_ID,ID_PREKLAD_TABULKA,NAZOV_DB,NADPIS,ID_TRANSAKCIA_ZAPISANE) values ('3','1','NAZOV','Názov','1');
Insert into CUD_PREKLAD_STLPEC (PREKLAD_STLPEC_ID,ID_PREKLAD_TABULKA,NAZOV_DB,NADPIS,ID_TRANSAKCIA_ZAPISANE) values ('4','1','POPIS','Popis','1');
-- Insert into CUD_PREKLAD_STLPEC (PREKLAD_STLPEC_ID,ID_PREKLAD_TABULKA,NAZOV_DB,NADPIS,ID_TRANSAKCIA_ZAPISANE) values ('5','1','PRINT_CLASS','Trieda obsluhujúca report','1');
Insert into CUD_PREKLAD_STLPEC (PREKLAD_STLPEC_ID,ID_PREKLAD_TABULKA,NAZOV_DB,NADPIS,ID_TRANSAKCIA_ZAPISANE) values ('6','1','PRINT_ZAHLAVIE','Záhlavie tlače','1');
-- Insert into CUD_PREKLAD_STLPEC (PREKLAD_STLPEC_ID,ID_PREKLAD_TABULKA,NAZOV_DB,NADPIS,ID_TRANSAKCIA_ZAPISANE) values ('7','1','AKTIVNY','Aktívny','1');
-- Insert into CUD_PREKLAD_STLPEC (PREKLAD_STLPEC_ID,ID_PREKLAD_TABULKA,NAZOV_DB,NADPIS,ID_TRANSAKCIA_ZAPISANE) values ('8','1','PREDPIS','Predpis','1');
-- Insert into CUD_PREKLAD_STLPEC (PREKLAD_STLPEC_ID,ID_PREKLAD_TABULKA,NAZOV_DB,NADPIS,ID_TRANSAKCIA_ZAPISANE) values ('9','1','PRILOHA_KAPITOLA','Príloha/Kapitola','1');
-- Insert into CUD_PREKLAD_STLPEC (PREKLAD_STLPEC_ID,ID_PREKLAD_TABULKA,NAZOV_DB,NADPIS,ID_TRANSAKCIA_ZAPISANE) values ('10','1','HLAVNY','Hlavný','1');
-- Insert into CUD_PREKLAD_STLPEC (PREKLAD_STLPEC_ID,ID_PREKLAD_TABULKA,NAZOV_DB,NADPIS,ID_TRANSAKCIA_ZAPISANE) values ('11','1','TYP','Typ','1');
-- Insert into CUD_PREKLAD_STLPEC (PREKLAD_STLPEC_ID,ID_PREKLAD_TABULKA,NAZOV_DB,NADPIS,ID_TRANSAKCIA_ZAPISANE) values ('12','1','KATEGORIA','Kategória','1');
-- Insert into CUD_PREKLAD_STLPEC (PREKLAD_STLPEC_ID,ID_PREKLAD_TABULKA,NAZOV_DB,NADPIS,ID_TRANSAKCIA_ZAPISANE) values ('100','2','CISELNIK_STLPEC_ID','ID','1');
-- Insert into CUD_PREKLAD_STLPEC (PREKLAD_STLPEC_ID,ID_PREKLAD_TABULKA,NAZOV_DB,NADPIS,ID_TRANSAKCIA_ZAPISANE) values ('101','2','ID_CISELNIK','Číselník','1');
-- Insert into CUD_PREKLAD_STLPEC (PREKLAD_STLPEC_ID,ID_PREKLAD_TABULKA,NAZOV_DB,NADPIS,ID_TRANSAKCIA_ZAPISANE) values ('102','2','NAZOV','Názov','1');
Insert into CUD_PREKLAD_STLPEC (PREKLAD_STLPEC_ID,ID_PREKLAD_TABULKA,NAZOV_DB,NADPIS,ID_TRANSAKCIA_ZAPISANE) values ('103','2','NADPIS','Nadpis','1');
-- Insert into CUD_PREKLAD_STLPEC (PREKLAD_STLPEC_ID,ID_PREKLAD_TABULKA,NAZOV_DB,NADPIS,ID_TRANSAKCIA_ZAPISANE) values ('104','2','TYP','Typ','1');
-- Insert into CUD_PREKLAD_STLPEC (PREKLAD_STLPEC_ID,ID_PREKLAD_TABULKA,NAZOV_DB,NADPIS,ID_TRANSAKCIA_ZAPISANE) values ('105','2','PORADIE','Poradie','1');
-- Insert into CUD_PREKLAD_STLPEC (PREKLAD_STLPEC_ID,ID_PREKLAD_TABULKA,NAZOV_DB,NADPIS,ID_TRANSAKCIA_ZAPISANE) values ('106','2','DLZKA','Dátová dĺ?ka','1');
-- Insert into CUD_PREKLAD_STLPEC (PREKLAD_STLPEC_ID,ID_PREKLAD_TABULKA,NAZOV_DB,NADPIS,ID_TRANSAKCIA_ZAPISANE) values ('107','2','DECIMALS','Počet desatinných miest','1');
-- Insert into CUD_PREKLAD_STLPEC (PREKLAD_STLPEC_ID,ID_PREKLAD_TABULKA,NAZOV_DB,NADPIS,ID_TRANSAKCIA_ZAPISANE) values ('108','2','DB_TYP','DB Typ','1');
-- Insert into CUD_PREKLAD_STLPEC (PREKLAD_STLPEC_ID,ID_PREKLAD_TABULKA,NAZOV_DB,NADPIS,ID_TRANSAKCIA_ZAPISANE) values ('109','2','POVINNY','Povinný ','1');
-- Insert into CUD_PREKLAD_STLPEC (PREKLAD_STLPEC_ID,ID_PREKLAD_TABULKA,NAZOV_DB,NADPIS,ID_TRANSAKCIA_ZAPISANE) values ('110','2','JEDINECNY','Jedinečný ','1');
-- Insert into CUD_PREKLAD_STLPEC (PREKLAD_STLPEC_ID,ID_PREKLAD_TABULKA,NAZOV_DB,NADPIS,ID_TRANSAKCIA_ZAPISANE) values ('111','2','FK1_ID_CISELNIK','Číselník (FK)','1');
-- Insert into CUD_PREKLAD_STLPEC (PREKLAD_STLPEC_ID,ID_PREKLAD_TABULKA,NAZOV_DB,NADPIS,ID_TRANSAKCIA_ZAPISANE) values ('112','2','FK1_PK_NAZOV','Primárny klúč (FK)','1');
-- Insert into CUD_PREKLAD_STLPEC (PREKLAD_STLPEC_ID,ID_PREKLAD_TABULKA,NAZOV_DB,NADPIS,ID_TRANSAKCIA_ZAPISANE) values ('113','2','FK1_FK_NAZOV','Stĺpec (FK)','1');
Insert into CUD_PREKLAD_STLPEC (PREKLAD_STLPEC_ID,ID_PREKLAD_TABULKA,NAZOV_DB,NADPIS,ID_TRANSAKCIA_ZAPISANE) values ('114','2','POPIS','Popis','1');
-- Insert into CUD_PREKLAD_STLPEC (PREKLAD_STLPEC_ID,ID_PREKLAD_TABULKA,NAZOV_DB,NADPIS,ID_TRANSAKCIA_ZAPISANE) values ('115','2','AKTIVNY','Aktívny ','1');
commit;

